{
    "0": {
        "camLookAt": {
            "0": -26.608837127685547,
            "1": 10.670073509216309,
            "2": -7.973621368408203
        },
        "camPosition": {
            "0": -34.678565979003906,
            "1": 12.768173217773438,
            "2": -13.493983268737793
        },
        "camRight": {
            "0": 0.564612090587616,
            "1": 0.0,
            "2": -0.8253564238548279
        },
        "camUp": {
            "0": 0.0,
            "1": 1.0,
            "2": 0.0
        },
        "far_plane": 80.0,
        "fov": 85.0,
        "near_plane": 0.10000000149011612
    },
    "1": {
        "camLookAt": {
            "0": -1.0513460636138916,
            "1": -7.528193950653076,
            "2": -6.042698383331299
        },
        "camPosition": {
            "0": 0.1969897747039795,
            "1": 0.3276386260986328,
            "2": 0.01697683334350586
        },
        "camRight": {
            "0": -0.9794329404830933,
            "1": 0.0,
            "2": 0.2017700970172882
        },
        "camUp": {
            "0": 0.0,
            "1": 1.0,
            "2": 0.0
        },
        "far_plane": 80.0,
        "fov": 90.0,
        "near_plane": 0.10000000149011612
    },
    "2": {
        "camLookAt": {
            "0": 6.234629154205322,
            "1": -7.192620277404785,
            "2": -0.8138286471366882
        },
        "camPosition": {
            "0": -0.125066339969635,
            "1": 0.475639283657074,
            "2": 0.046963538974523544
        },
        "camRight": {
            "0": -0.13412810862064362,
            "1": 0.0,
            "2": -0.9909639358520508
        },
        "camUp": {
            "0": 0.0,
            "1": 1.0,
            "2": 0.0
        },
        "far_plane": 80.0,
        "fov": 90.0,
        "near_plane": 0.10000000149011612
    },
    "3": {
        "camLookAt": {
            "0": -9.13565444946289,
            "1": -3.843451499938965,
            "2": 0.29902970790863037
        },
        "camPosition": {
            "0": -0.013685102574527264,
            "1": 0.24153856933116913,
            "2": -0.012011691927909851
        },
        "camRight": {
            "0": 0.03407825157046318,
            "1": -0.0,
            "2": 0.9994192123413086
        },
        "camUp": {
            "0": 0.0,
            "1": 1.0,
            "2": 0.0
        },
        "far_plane": 80.0,
        "fov": 90.0,
        "near_plane": 0.10000000149011612
    },
    "4": {
        "camLookAt": {
            "0": -16.942157745361328,
            "1": 9.892000198364258,
            "2": -1.4229044914245605
        },
        "camPosition": {
            "0": -24.41227912902832,
            "1": 13.20248794555664,
            "2": 4.341573238372803
        },
        "camRight": {
            "0": -0.6109238862991333,
            "1": 0.0,
            "2": -0.7916893362998962
        },
        "camUp": {
            "0": 0.0,
            "1": 1.0,
            "2": 0.0
        },
        "far_plane": 80.0,
        "fov": 90.0,
        "near_plane": 0.10000000149011612
    },
    "IDs": [
        0,
        1,
        2,
        3,
        4
    ]
}
