{
    "0": {
        "camLookAt": {
            "0": -26.608837127685547,
            "1": 10.670073509216309,
            "2": -7.973621368408203
        },
        "camPosition": {
            "0": -34.678565979003906,
            "1": 12.768173217773438,
            "2": -13.493983268737793
        },
        "camRight": {
            "0": 0.564612090587616,
            "1": 0.0,
            "2": -0.8253564238548279
        },
        "camUp": {
            "0": 0.0,
            "1": 1.0,
            "2": 0.0
        },
        "far_plane": 80.0,
        "fov": 85.0,
        "near_plane": 0.10000000149011612
    },
    "IDs": [
        0
    ]
}
