{
    "0": {
        "camLookAt": {
            "0": -12.062849998474121,
            "1": -0.32344576716423035,
            "2": 0.22238007187843323
        },
        "camPosition": {
            "0": -21.834075927734375,
            "1": 0.5674373507499695,
            "2": -1.7074413299560547
        },
        "camRight": {
            "0": 0.19375786185264587,
            "1": 0.0,
            "2": -0.9810493588447571
        },
        "camUp": {
            "0": 0.0,
            "1": 1.0,
            "2": 0.0
        },
        "far_plane": 80.0,
        "fov": 90.0,
        "near_plane": 0.10000000149011612
    },
    "1": {
        "camLookAt": {
            "0": -1.0513460636138916,
            "1": -7.528193950653076,
            "2": -6.042698383331299
        },
        "camPosition": {
            "0": 0.1969897747039795,
            "1": 0.3276386260986328,
            "2": 0.01697683334350586
        },
        "camRight": {
            "0": -0.9794329404830933,
            "1": 0.0,
            "2": 0.2017700970172882
        },
        "camUp": {
            "0": 0.0,
            "1": 1.0,
            "2": 0.0
        },
        "far_plane": 80.0,
        "fov": 90.0,
        "near_plane": 0.10000000149011612
    },
    "2": {
        "camLookAt": {
            "0": 6.234629154205322,
            "1": -7.192620277404785,
            "2": -0.8138286471366882
        },
        "camPosition": {
            "0": -0.125066339969635,
            "1": 0.475639283657074,
            "2": 0.046963538974523544
        },
        "camRight": {
            "0": -0.13412810862064362,
            "1": 0.0,
            "2": -0.9909639358520508
        },
        "camUp": {
            "0": 0.0,
            "1": 1.0,
            "2": 0.0
        },
        "far_plane": 80.0,
        "fov": 90.0,
        "near_plane": 0.10000000149011612
    },
    "IDs": [
        0,
        1,
        2
    ]
}
